"periodo","precio","mes_abrev","anio","mes_num","fecha","var_mensual","var_anual","media_movil","mes"
"Ene07",259.284248035686,"Ene",2007,1,2007-01-01,NA,NA,NA,"Ene"
"Feb07",259.370923622029,"Feb",2007,2,2007-02-01,0.0334287898318797,NA,NA,"Feb"
"Mar07",293.260871704094,"Mar",2007,3,2007-03-01,13.0662094304184,NA,NA,"Mar"
"Abr07",350.124713927389,"Abr",2007,4,2007-04-01,19.3901906834239,NA,NA,"Abr"
"May07",348.836201675989,"May",2007,5,2007-05-01,-0.36801522433153,NA,NA,"May"
"Jun07",340.840110014208,"Jun",2007,6,2007-06-01,-2.29221956418619,NA,NA,"Jun"
"Jul07",362.008981409418,"Jul",2007,7,2007-07-01,6.2107923255651,NA,NA,"Jul"
"Ago07",340.011857851297,"Ago",2007,8,2007-08-01,-6.07640271036346,NA,NA,"Ago"
"Sep07",347.966586208451,"Sep",2007,9,2007-09-01,2.33954439337023,NA,NA,"Sep"
"Oct07",363.807708245472,"Oct",2007,10,2007-10-01,4.55248367655947,NA,NA,"Oct"
"Nov07",315.583801879824,"Nov",2007,11,2007-11-01,-13.2553283706429,NA,NA,"Nov"
"Dic07",301.641628993984,"Dic",2007,12,2007-12-01,-4.41789876501624,NA,323.561469463987,"Dic"
"Ene08",320.231286041784,"Ene",2008,1,2008-01-01,6.1628287547044,23.5058776103166,328.640389297828,"Ene"
"Feb08",360.204184477781,"Feb",2008,2,2008-02-01,12.4825087923425,38.8760850474868,337.043161035808,"Feb"
"Mar08",380.576961983684,"Mar",2008,3,2008-03-01,5.65589695617756,29.7742040294055,344.31950189244,"Mar"
"Abr08",395.268642269285,"Abr",2008,4,2008-04-01,3.86037037266351,12.8936708967246,348.081495920931,"Abr"
"May08",379.335179223378,"May",2008,5,2008-05-01,-4.03104656985463,8.74306548484824,350.623077383214,"May"
"Jun08",376.118796931502,"Jun",2008,6,2008-06-01,-0.847899817375497,10.3505091920735,353.562967959655,"Jun"
"Jul08",381.336095308577,"Jul",2008,7,2008-07-01,1.38714108936842,5.33884928045494,355.173560784585,"Jul"
"Ago08",346.546734078097,"Ago",2008,8,2008-08-01,-9.12301816127017,1.92195538946704,355.718133803485,"Ago"
"Sep08",316.385835669272,"Sep",2008,9,2008-09-01,-8.70327013441945,-9.07579974367436,353.086404591887,"Sep"
"Oct08",222.028536963552,"Oct",2008,10,2008-10-01,-29.823490203384,-38.9709091007652,341.271473651727,"Oct"
"Nov08",169.153101306319,"Nov",2008,11,2008-11-01,-23.8147025514621,-46.3999418541978,329.068915270601,"Nov"
"Dic08",139.678841373931,"Dic",2008,12,2008-12-01,-17.4246051090799,-53.6937783290128,315.572016302263,"Dic"
"Ene09",147.436593208536,"Ene",2009,1,2009-01-01,5.55399211383556,-53.9593413776259,301.172458566159,"Ene"
"Feb09",150.974252917483,"Feb",2009,2,2009-02-01,2.39944482706764,-58.0864799956826,283.736630936135,"Feb"
"Mar09",171.044014517496,"Mar",2009,3,2009-03-01,13.2934995286795,-55.056655656201,266.275551980619,"Mar"
"Abr09",201.636242947804,"Abr",2009,4,2009-04-01,17.8855884063565,-48.9875438157234,250.139518703829,"Abr"
"May09",208.314997941576,"May",2009,5,2009-05-01,3.312279030859,-45.0841869272277,235.887836930345,"May"
"Jun09",227.496162752837,"Jun",2009,6,2009-06-01,9.20776948409665,-39.5148116475901,223.502617415457,"Jun"
"Jul09",237.15682872335,"Jul",2009,7,2009-07-01,4.24651820655491,-37.8089743821804,211.487678533354,"Jul"
"Ago09",280.798519395003,"Ago",2009,8,2009-08-01,18.4020383923088,-18.9723948367314,206.008660643097,"Ago"
"Sep09",281.034495427925,"Sep",2009,9,2009-09-01,0.0840374918751108,-11.1734901679672,203.062715622984,"Sep"
"Oct09",286.034835910855,"Oct",2009,10,2009-10-01,1.77926217751885,28.82796050573,208.396573868593,"Oct"
"Nov09",303.110404301873,"Nov",2009,11,2009-11-01,5.96975131950004,79.1929334792219,219.559682451556,"Nov"
"Dic09",316.701154083756,"Dic",2009,12,2009-12-01,4.48376221634006,126.735238471747,234.311541844041,"Dic"
"Ene10",334.123702926146,"Ene",2010,1,2010-01-01,5.50125840014537,126.621963825193,249.868800987175,"Ene"
"Feb10",311.5125010512,"Feb",2010,2,2010-02-01,-6.76731452361041,106.334851825007,263.246988331652,"Feb"
"Mar10",338.694467824502,"Mar",2010,3,2010-03-01,8.72580287519005,98.0159719589937,277.217859440569,"Mar"
"Abr10",351.135650568533,"Abr",2010,4,2010-04-01,3.67327604254744,74.1431229996825,289.676143408963,"Abr"
"May10",311.742699181257,"May",2010,5,2010-05-01,-11.2187273845574,49.6496662562377,298.29511851227,"May"
"Jun10",294.903082278119,"Jun",2010,6,2010-06-01,-5.4017678512968,29.6299149443308,303.912361806043,"Jun"
"Jul10",306.200625078332,"Jul",2010,7,2010-07-01,3.83093412009796,29.113138646125,309.666011502292,"Jul"
"Ago10",331.541490882096,"Ago",2010,8,2010-08-01,8.27590270179277,18.0709540764039,313.894592459549,"Ago"
"Sep10",350.608349433182,"Sep",2010,9,2010-09-01,5.75097207301472,24.7563395729476,319.692413626654,"Sep"
"Oct10",376.017278638163,"Oct",2010,10,2010-10-01,7.24709757940987,31.4585607871035,327.190950520597,"Oct"
"Nov10",383.667501845688,"Nov",2010,11,2010-11-01,2.03454033687815,26.5768170278928,333.904041982581,"Nov"
"Dic10",416.129588643505,"Dic",2010,12,2010-12-01,8.46099464814023,31.3950338600451,342.18974486256,"Dic"
"Ene11",432.670966212625,"Ene",2011,1,2011-01-01,3.97505441106494,29.4942449228936,350.4020168031,"Ene"
"Feb11",448.191790286464,"Feb",2011,2,2011-02-01,3.58721182743094,43.8760206328925,361.791957572705,"Feb"
"Mar11",431.065103644142,"Mar",2011,3,2011-03-01,-3.82128522063633,27.2725552362735,369.489510557675,"Mar"
"Abr11",430.585521271791,"Abr",2011,4,2011-04-01,-0.111255206765004,22.6265463431636,376.11033311628,"Abr"
"May11",406.414128534867,"May",2011,5,2011-05-01,-5.61361019885912,30.3684511625291,383.999618895748,"May"
"Jun11",411.265505158446,"Jun",2011,6,2011-06-01,1.19370274873767,39.4578523837154,393.696487469108,"Jun"
"Jul11",437.737701033922,"Jul",2011,7,2011-07-01,6.43676543338523,42.9578077843376,404.657910465407,"Jul"
"Ago11",408.267649509046,"Ago",2011,8,2011-08-01,-6.73235397711203,23.142249382668,411.051757017653,"Ago"
"Sep11",376.48785618166,"Sep",2011,9,2011-09-01,-7.78405865995069,7.38131501725974,413.208382580026,"Sep"
"Oct11",335.394841556576,"Oct",2011,10,2011-10-01,-10.9148313684934,-10.8033431944167,409.823179489894,"Oct"
"Nov11",343.869409996646,"Nov",2011,11,2011-11-01,2.52674382251656,-10.3730682576938,406.506671835808,"Nov"
"Dic11",343.164280032658,"Dic",2011,12,2011-12-01,-0.205057485047866,-17.5342755242901,400.42622945157,"Dic"
"Ene12",364.709402375305,"Ene",2012,1,2012-01-01,6.27836974774783,-15.7074472623435,394.76276579846,"Ene"
"Feb12",382.899462939285,"Feb",2012,2,2012-02-01,4.98754911321466,-14.567943626421,389.321738519529,"Feb"
"Mar12",384.228306963246,"Mar",2012,3,2012-03-01,0.347047763859543,-10.8653649495045,385.418672129454,"Mar"
"Abr12",376.241914861722,"Abr",2012,4,2012-04-01,-2.07855380688751,-12.6208624594617,380.890038261948,"Abr"
"May12",358.901022037888,"May",2012,5,2012-05-01,-4.60897421017198,-11.6908107176945,376.930612720533,"May"
"Jun12",336.702699569705,"Jun",2012,6,2012-06-01,-6.18508198782439,-18.1300898454916,370.717045588138,"Jun"
"Jul12",344.016312072477,"Jul",2012,7,2012-07-01,2.17212766993509,-21.4103991363043,362.906929841351,"Jul"
"Ago12",340.898828157511,"Ago",2012,8,2012-08-01,-0.90620235307598,-16.5011412078689,357.29286139539,"Ago"
"Sep12",366.853832488155,"Sep",2012,9,2012-09-01,7.61369714027047,-2.55892017108156,356.490026087598,"Sep"
"Oct12",365.687651423679,"Oct",2012,10,2012-10-01,-0.317887115030657,9.03198442960937,359.014426909856,"Oct"
"Nov12",349.775388890927,"Nov",2012,11,2012-11-01,-4.35132618528492,1.71750633309853,359.506591817713,"Nov"
"Dic12",360.580558150428,"Dic",2012,12,2012-12-01,3.08917368193404,5.07520133392454,360.957948327527,"Dic"
"Ene13",365.022053917626,"Ene",2013,1,2013-01-01,1.23176240837286,0.085726208396264,360.984002622721,"Ene"
"Feb13",365.637411137852,"Feb",2013,2,2013-02-01,0.16858083330078,-4.50824654308021,359.545498305935,"Feb"
"Mar13",346.797829856835,"Mar",2013,3,2013-03-01,-5.15253108876054,-9.74172814133433,356.4262918804,"Mar"
"Abr13",328.14140367855,"Abr",2013,4,2013-04-01,-5.37962598727528,-12.7844637407956,352.417915948469,"Abr"
"May13",328.82784760885,"May",2013,5,2013-05-01,0.209191501774786,-8.37923900530528,349.911818079383,"May"
"Jun13",317.525434965604,"Jun",2013,6,2013-06-01,-3.43718232060762,-5.69560761722697,348.313712695708,"Jun"
"Jul13",313.279982902644,"Jul",2013,7,2013-07-01,-1.33704314535303,-8.93455574378621,345.752351931555,"Jul"
"Ago13",326.265386853308,"Ago",2013,8,2013-08-01,4.14498361189561,-4.2926053407968,344.532898489538,"Ago"
"Sep13",324.738984696022,"Sep",2013,9,2013-09-01,-0.467840665541475,-11.4800075840813,341.023327840194,"Sep"
"Oct13",326.723573419343,"Oct",2013,10,2013-10-01,0.611133500087369,-10.655016064295,337.776321339832,"Oct"
"Nov13",320.719508268887,"Nov",2013,11,2013-11-01,-1.8376589995084,-8.3070111691308,335.354997954663,"Nov"
"Dic13",327.596783561628,"Dic",2013,12,2013-12-01,2.14432708813435,-9.14740793513324,332.606350072262,"Dic"
"Ene14",330.901553616597,"Ene",2014,1,2014-01-01,1.00879197257056,-9.34751748143111,329.762975047177,"Ene"
"Feb14",324.282827364647,"Feb",2014,2,2014-02-01,-2.00021008653797,-11.310271463883,326.316759732743,"Feb"
"Mar14",301.64054901214,"Mar",2014,3,2014-03-01,-6.98226253191211,-13.0212120598727,322.553652995685,"Mar"
"Abr14",302.662089111389,"Abr",2014,4,2014-04-01,0.338661397678286,-7.76473626355324,320.430376781755,"Abr"
"May14",312.564319914149,"May",2014,5,2014-05-01,3.27171164113511,-4.94590948210899,319.075082807197,"May"
"Jun14",309.401838534308,"Jun",2014,6,2014-06-01,-1.01178579202822,-2.55840809482742,318.398116437922,"Jun"
"Jul14",322.657512210145,"Jul",2014,7,2014-07-01,4.28429053254225,2.99333817009788,319.179577213547,"Jul"
"Ago14",317.805717253677,"Ago",2014,8,2014-08-01,-1.50369812351,-2.59287988873748,318.474604746911,"Ago"
"Sep14",311.718473224892,"Sep",2014,9,2014-09-01,-1.91539789824676,-4.00953137280947,317.389562124317,"Sep"
"Oct14",305.606876245828,"Oct",2014,10,2014-10-01,-1.9606143055419,-6.46316914097047,315.629837359857,"Oct"
"Nov14",304.489757113077,"Nov",2014,11,2014-11-01,-0.365541229462518,-5.0604190694266,314.277358096873,"Nov"
"Dic14",292.069116007902,"Dic",2014,12,2014-12-01,-4.07916549408341,-10.8449378432443,311.316719134063,"Dic"
"Ene15",265.576788929357,"Ene",2015,1,2015-01-01,-9.07056776171713,-19.7414499790863,305.872988743459,"Ene"
"Feb15",259.875545138655,"Feb",2015,2,2015-02-01,-2.14674023798763,-19.8614532719513,300.505715224627,"Feb"
"Mar15",269.418922519685,"Mar",2015,3,2015-03-01,3.67228758517397,-10.6821269878932,297.820579683589,"Mar"
"Abr15",273.904332568387,"Abr",2015,4,2015-04-01,1.66484596061522,-9.5016051159345,295.424099971672,"Abr"
"May15",285.478620716135,"May",2015,5,2015-05-01,4.22566815180194,-8.66564014902709,293.166958371837,"May"
"Jun15",264.580947488988,"Jun",2015,6,2015-06-01,-7.32022355114521,-14.4863040431966,289.431884118061,"Jun"
"Jul15",247.514018952722,"Jul",2015,7,2015-07-01,-6.45055084209203,-23.2889334398892,283.169926346609,"Jul"
"Ago15",232.61296945963,"Ago",2015,8,2015-08-01,-6.02028505542479,-26.8065497783493,276.070530697105,"Ago"
"Sep15",236.65048158356,"Sep",2015,9,2015-09-01,1.73572098465073,-24.0819836131988,269.814864726994,"Sep"
"Oct15",236.597906103789,"Oct",2015,10,2015-10-01,-0.0222165107880645,-22.5809611975251,264.064117215157,"Oct"
"Nov15",217.720019830367,"Nov",2015,11,2015-11-01,-7.97888983224594,-28.4967672165362,256.833305774931,"Nov"
"Dic15",210.617730533857,"Dic",2015,12,2015-12-01,-3.2621204527005,-27.8877091105522,250.045690318761,"Dic"
"Ene16",203.34222154071,"Ene",2016,1,2016-01-01,-3.45436681646205,-23.4337374284623,244.859476369707,"Ene"
"Feb16",208.589853320883,"Feb",2016,2,2016-02-01,2.58068970645253,-19.7347125488121,240.585668718226,"Feb"
"Mar16",224.791999201646,"Mar",2016,3,2016-03-01,7.7674659734472,-16.5641384430889,236.866758441723,"Mar"
"Abr16",221.023684291275,"Abr",2016,4,2016-04-01,-1.67635633107684,-19.3062474701487,232.460037751963,"Abr"
"May16",213.75592192679,"May",2016,5,2016-05-01,-3.28822786019042,-25.1236672677715,226.483146186185,"May"
"Jun16",210.556033903078,"Jun",2016,6,2016-06-01,-1.49698216305227,-20.4190491033594,221.981070054026,"Jun"
"Jul16",220.668370264587,"Jul",2016,7,2016-07-01,4.80268182015806,-10.846112394653,219.743932663348,"Jul"
"Ago16",215.239935437002,"Ago",2016,8,2016-08-01,-2.4599967911469,-7.46864375747677,218.296179828129,"Ago"
"Sep16",214.195597262522,"Sep",2016,9,2016-09-01,-0.485197216009048,-9.48862819580163,216.424939468042,"Sep"
"Oct16",214.60643217401,"Oct",2016,10,2016-10-01,0.19180362096074,-9.29487259288421,214.592316640561,"Oct"
"Nov16",247.250110662107,"Nov",2016,11,2016-11-01,15.2109506492464,13.5633327861847,217.053157543206,"Nov"
"Dic16",255.905477880885,"Dic",2016,12,2016-12-01,3.50065251562475,21.5023432415857,220.827136488791,"Dic"
"Ene17",260.545003665625,"Ene",2017,1,2017-01-01,1.8129841624178,28.1312861104268,225.594034999201,"Ene"
"Feb17",269.475258083762,"Feb",2017,2,2017-02-01,3.42752856224324,29.1890539225876,230.667818729441,"Feb"
"Mar17",264.200792328717,"Mar",2017,3,2017-03-01,-1.9573098445296,17.5312258741558,233.951884823363,"Mar"
"Abr17",257.709072005962,"Abr",2017,4,2017-04-01,-2.45711614470786,16.5979441670791,237.009000466254,"Abr"
"May17",254.286347797924,"May",2017,5,2017-05-01,-1.32813493191999,18.9610774315836,240.386535955515,"May"
"Jun17",259.444011276625,"Jun",2017,6,2017-06-01,2.02828957329619,23.2185117031844,244.460534069977,"Jun"
"Jul17",271.480433354167,"Jul",2017,7,2017-07-01,4.63931389987202,23.0264369237218,248.694872660776,"Jul"
"Ago17",294.504213891011,"Ago",2017,8,2017-08-01,8.48082502756569,36.8260092129644,255.30022919861,"Ago"
"Sep17",298.335261621833,"Sep",2017,9,2017-09-01,1.30084649051569,39.2816964655851,262.311867895219,"Sep"
"Oct17",308.787644890375,"Oct",2017,10,2017-10-01,3.50356951160247,43.8855498235951,270.160302288249,"Oct"
"Nov17",309.646893164,"Nov",2017,11,2017-11-01,0.278265108025955,25.2363011425158,275.360034163407,"Nov"
"Dic17",311.065007491333,"Dic",2017,12,2017-12-01,0.457977896320094,21.554649813367,279.956661630944,"Dic"
"Ene18",320.780031028815,"Ene",2018,1,2018-01-01,3.12314895713646,23.1188572092112,284.976247244544,"Ene"
"Feb18",317.810628021425,"Feb",2018,2,2018-02-01,-0.925682000175165,17.9368489268275,289.004194739349,"Feb"
"Mar18",308.158285477,"Mar",2018,3,2018-03-01,-3.03713648738464,16.6379111738588,292.667319168373,"Mar"
"Abr18",310.407298554833,"Abr",2018,4,2018-04-01,0.729823984564226,20.4487277606012,297.058838047445,"Abr"
"May18",309.59848607313,"May",2018,5,2018-05-01,-0.260564904713456,21.7519102988421,301.668182903712,"May"
"Jun18",315.965965051,"Jun",2018,6,2018-06-01,2.0566893135149,21.7858001409445,306.378345718244,"Jun"
"Jul18",283.52925067775,"Jul",2018,7,2018-07-01,-10.2658887225447,4.43818995524601,307.382413828542,"Jul"
"Ago18",274.550586927674,"Ago",2018,8,2018-08-01,-3.16675042473161,-6.77532816923339,305.719611581597,"Ago"
"Sep18",274.457970268212,"Sep",2018,9,2018-09-01,-0.0337339142117199,-8.00350961660295,303.729837302129,"Sep"
"Oct18",282.115718802978,"Oct",2018,10,2018-10-01,2.79013523538139,-8.63762735612884,301.507176794846,"Oct"
"Nov18",281.042224330875,"Nov",2018,11,2018-11-01,-0.380515653880564,-9.23783492249507,299.123454392085,"Nov"
"Dic18",274.9514949665,"Dic",2018,12,2018-12-01,-2.16719369442662,-11.609635174358,296.113995015016,"Dic"
"Ene19",269.412667267054,"Ene",2019,1,2019-01-01,-2.01447448035182,-16.0132672838188,291.833381368202,"Ene"
"Feb19",285.785305728037,"Feb",2019,2,2019-02-01,6.0771598555734,-10.0768569297906,289.16460451042,"Feb"
"Mar19",292.08918668875,"Mar",2019,3,2019-03-01,2.20581003794225,-5.21456003150348,287.825512944733,"Mar"
"Abr19",292.131526885625,"Abr",2019,4,2019-04-01,0.0144956399636076,-5.88767459859827,286.302531972299,"Abr"
"May19",273.214954612098,"May",2019,5,2019-05-01,-6.47536144941084,-11.7518441134877,283.270571017213,"May"
"Jun19",266.813237862325,"Jun",2019,6,2019-06-01,-2.34310627647082,-15.5563360062345,279.174510418157,"Jun"
"Jul19",269.488101650326,"Jul",2019,7,2019-07-01,1.00252289182936,-4.95227529218236,278.004414665871,"Jul"
"Ago19",258.777024314375,"Ago",2019,8,2019-08-01,-3.97460120515788,-5.74522997375863,276.689951114763,"Ago"
"Sep19",261.23518569225,"Sep",2019,9,2019-09-01,0.949914848270583,-4.81778123005141,275.588052400099,"Sep"
"Oct19",261.146636573063,"Oct",2019,10,2019-10-01,-0.0338963217961452,-7.43279471235675,273.84062888094,"Oct"
"Nov19",265.802968856333,"Nov",2019,11,2019-11-01,1.78303360302603,-5.42240779328611,272.570690924728,"Nov"
"Dic19",276.109407307125,"Dic",2019,12,2019-12-01,3.87747303769308,0.421133313265365,272.66718361978,"Dic"
"Ene20",273.803342801617,"Ene",2020,1,2020-01-01,-0.835199542094156,1.6297212670445,273.03307324766,"Ene"
"Feb20",257.99200024675,"Feb",2020,2,2020-02-01,-5.77470763982712,-9.72523951519607,270.716964457553,"Feb"
"Mar20",235.080227254398,"Mar",2020,3,2020-03-01,-8.88080753296173,-19.5176548918604,265.966217838024,"Mar"
"Abr20",229.157836563294,"Abr",2020,4,2020-04-01,-2.51930617911771,-21.5566224548528,260.718410311163,"Abr"
"May20",237.725063518376,"May",2020,5,2020-05-01,3.73857035987319,-12.9897322582907,257.760919386686,"May"
"Jun20",261.024061648713,"Jun",2020,6,2020-06-01,9.80081687034062,-2.16974849523742,257.278488035552,"Jun"
"Jul20",288.889969244938,"Jul",2020,7,2020-07-01,10.6756087619719,7.19952661204573,258.895310335103,"Jul"
"Ago20",295.18720547811,"Ago",2020,8,2020-08-01,2.1798043904504,14.0700980932148,261.929492098747,"Ago"
"Sep20",304.469755464358,"Sep",2020,9,2020-09-01,3.14463154702562,16.5500560950625,265.53237291309,"Sep"
"Oct20",304.032656806895,"Oct",2020,10,2020-10-01,-0.143560616323413,16.4221989594086,269.106207932576,"Oct"
"Nov20",320.391731501704,"Nov",2020,11,2020-11-01,5.38069655629112,20.537303582518,273.655271486357,"Nov"
"Dic20",351.917859003231,"Dic",2020,12,2020-12-01,9.83986926059586,27.4559466971663,279.972642461032,"Dic"
"Ene21",361.041166970931,"Ene",2021,1,2021-01-01,2.59245381679145,31.8614898111458,287.242461141808,"Ene"
"Feb21",383.750484990309,"Feb",2021,2,2021-02-01,6.28995253087203,48.7451101674782,297.722334870438,"Feb"
"Mar21",408.458943086612,"Mar",2021,3,2021-03-01,6.43867801155404,73.7529982241287,312.170561189789,"Mar"
"Abr21",421.078302554279,"Abr",2021,4,2021-04-01,3.08950499952478,83.7503394469235,328.163933355705,"Abr"
"May21",461.376879023019,"May",2021,5,2021-05-01,9.57032842212175,94.0800318630916,346.801584647758,"May"
"Jun21",436.012583786,"Jun",2021,6,2021-06-01,-5.49752195877885,67.0392304188367,361.383961492532,"Jun"
"Jul21",427.900487030073,"Jul",2021,7,2021-07-01,-1.86051895234026,48.1188454374038,372.96817130796,"Jul"
"Ago21",424.424318988801,"Ago",2021,8,2021-08-01,-0.812377678137044,43.7814075651984,383.737930767184,"Ago"
"Sep21",422.932618434239,"Sep",2021,9,2021-09-01,-0.351464439671145,38.9079246275903,393.609836014674,"Sep"
"Oct21",443.811538733549,"Oct",2021,10,2021-10-01,4.93670135365936,45.9749565703509,405.258076175229,"Oct"
"Nov21",442.954598408887,"Nov",2021,11,2021-11-01,-0.193086535583853,38.2540667740457,415.471648417494,"Nov"
"Dic21",433.319749994173,"Dic",2021,12,2021-12-01,-2.175132270739,23.1309349350738,422.255139333406,"Dic"
"Ene22",443.247223988096,"Ene",2022,1,2022-01-01,2.29102735198581,22.7691644437278,429.105644084836,"Ene"
"Feb22",450.932050719019,"Feb",2022,2,2022-02-01,1.73375631363895,17.5065748074316,434.704107895562,"Feb"
"Mar22",464.369133037125,"Mar",2022,3,2022-03-01,2.97984636414297,13.6880807476059,439.363290391438,"Mar"
"Abr22",462.304581052218,"Abr",2022,4,2022-04-01,-0.444592854698189,9.79064422171807,442.7988135996,"Abr"
"May22",425.633555273356,"May",2022,5,2022-05-01,-7.93222202025291,-7.74709903655134,439.820203287128,"May"
"Jun22",411.475287869666,"Jun",2022,6,2022-06-01,-3.32639831335599,-5.62765773943286,437.775428627433,"Jun"
"Jul22",341.545335084434,"Jul",2022,7,2022-07-01,-16.994933802047,-20.1811296231523,430.579165965297,"Jul"
"Ago22",361.802037639144,"Ago",2022,8,2022-08-01,5.93089715299502,-14.7546402380655,425.360642519492,"Ago"
"Sep22",350.840296578184,"Sep",2022,9,2022-09-01,-3.02976211314019,-17.0458173982777,419.352949031488,"Sep"
"Oct22",345.692464989787,"Oct",2022,10,2022-10-01,-1.46728629481984,-22.1082746121817,411.176359552841,"Oct"
"Nov22",364.232611626193,"Nov",2022,11,2022-11-01,5.36319084564185,-17.7720215718421,404.616193987616,"Nov"
"Dic22",379.288785659567,"Dic",2022,12,2022-12-01,4.1336699550742,-12.4690749349257,400.113613626399,"Dic"
"Ene23",406.296087888575,"Ene",2023,1,2023-01-01,7.12051166554883,-8.3364619336033,397.034352284772,"Ene"
"Feb23",406.201039154537,"Feb",2023,2,2023-02-01,-0.0233939574786346,-9.91967891684736,393.306767987732,"Feb"
"Mar23",400.781399189704,"Mar",2023,3,2023-03-01,-1.33422602170427,-13.6933592961997,388.007790167114,"Mar"
"Abr23",399.896105812783,"Abr",2023,4,2023-04-01,-0.220891832482972,-13.4994282551541,382.807083897161,"Abr"
"May23",374.364581088165,"May",2023,5,2023-05-01,-6.38453947250263,-12.0453318470778,378.534669381728,"May"
"Jun23",380.392873482034,"Jun",2023,6,2023-06-01,1.61027316642686,-7.55389577550457,375.944468182759,"Jun"
"Jul23",383.070640061564,"Jul",2023,7,2023-07-01,0.703947620000944,12.1580653317559,379.404910264186,"Jul"
"Ago23",378.888668627061,"Ago",2023,8,2023-08-01,-1.0916971955436,4.72264642272662,380.828796179846,"Ago"
"Sep23",375.159773053998,"Sep",2023,9,2023-09-01,-0.984166559157085,6.93177970518402,382.855419219497,"Sep"
"Oct23",360.136881972864,"Oct",2023,10,2023-10-01,-4.00439816850292,4.17840087532821,384.059120634754,"Oct"
"Nov23",370.906608191847,"Nov",2023,11,2023-11-01,2.99045356309673,1.83234459315891,384.615287015225,"Nov"
"Dic23",381.203351453226,"Dic",2023,12,2023-12-01,2.77610132415143,0.504777854248872,384.774834164696,"Dic"
"Ene24",378.750618773954,"Ene",2024,1,2024-01-01,-0.643418445803712,-6.77965403451664,382.479378405145,"Ene"
"Feb24",376.968742642759,"Feb",2024,2,2024-02-01,-0.470461576264358,-7.19650953444674,380.04335369583,"Feb"
"Mar24",393.635022459929,"Mar",2024,3,2024-03-01,4.42113043652643,-1.78311087895383,379.447822301682,"Mar"
"Abr24",428.56232255724,"Abr",2024,4,2024-04-01,8.87301639956757,7.16841607801941,381.836673697053,"Abr"
"May24",458.925043106757,"May",2024,5,2024-05-01,7.08478532791732,22.5877303276929,388.883378865269,"May"
"Jun24",437.335623793388,"Jun",2024,6,2024-06-01,-4.7043454345434,14.9694577056905,393.628608057882,"Jun"
"Jul24",426.084955193297,"Jul",2024,7,2024-07-01,-2.57254794441493,11.2288206490636,397.21313431886,"Jul"
"Ago24",406.81050641667,"Ago",2024,8,2024-08-01,-4.52361636845003,7.36940428722412,399.539954134661,"Ago"
"Sep24",419.777062976675,"Sep",2024,9,2024-09-01,3.18737012822479,11.8928768826862,403.258061628217,"Sep"
"Oct24",432.692612805238,"Oct",2024,10,2024-10-01,3.07676406542505,20.1467093386567,409.304372530915,"Oct"
"Nov24",411.625360017887,"Nov",2024,11,2024-11-01,-4.86887276645829,10.9781683385319,412.697601849752,"Nov"
"Dic24",404.306470331104,"Dic",2024,12,2024-12-01,-1.77804634934664,6.06057601272501,414.622861756241,"Dic"
